"Name","Length","LastWriteTime"
"CA_Caltrans_SCRIPT_RIP_2023_Amendment1.pdf","4909803","6/4/2026 1:56:47 AM"
"CO_CDOT_Resilience_Improvement_Plan.pdf","3080850","6/4/2026 1:56:49 AM"
"CT_CTDOT_Resilience_Improvement_Plan.pdf","5914198","6/4/2026 1:56:53 AM"
"DE_DelDOT_DRIP_FHWA_Approved_2023.pdf","1563140","6/4/2026 1:59:24 AM"
"FL_FDOT_RIP_CEP_Final.pdf","235089","6/4/2026 1:58:25 AM"
"IA_IowaDOT_2024_Resilience_Improvement_Plan.pdf","8542058","6/4/2026 1:56:58 AM"
"KY_KYTC_Resiliency_Improvement_Plan_2023.pdf","8219445","6/4/2026 1:58:24 AM"
"MD_MDOT_Transportation_Resilience_Improvement_Plan_2024.pdf","5312152","6/4/2026 1:57:01 AM"
"MI_MDOT_Resilience_Improvement_Plan_2024.pdf","6106374","6/4/2026 1:57:04 AM"
"MN_MnDOT_Resilience_Improvement_Plan_2024.pdf","11103051","6/4/2026 1:57:10 AM"
"MS_MDOT_Resilience_Improvement_Plan.pdf","28006447","6/4/2026 1:57:27 AM"
"NC_NCDOT_Resilience_Strategy_Report.pdf","7227682","6/4/2026 1:57:40 AM"
"NM_NMDOT_Resilience_Improvement_Plan_2024.pdf","3953613","6/4/2026 1:57:30 AM"
"OH_ODOT_Resilience_Improvement_Plan.pdf","19463010","6/4/2026 1:57:49 AM"
"OR_ODOT_Climate_Adaptation_Resilience_Roadmap.pdf","4042654","6/4/2026 1:57:51 AM"
"RI_RIDOT_Approved_RIP.pdf","21826604","6/4/2026 1:58:02 AM"
"RI_RIDOT_Approved_RIP_Appendices.pdf","19085004","6/4/2026 1:58:11 AM"
"TX_TxDOT_Statewide_Transportation_Resilience_Plan_2025.pdf","12779060","6/4/2026 1:58:17 AM"
"UT_UDOT_Resilience_Improvement_Plan_2024.pdf","5302610","6/4/2026 1:58:19 AM"
"VA_VDOT_Resilience_Plan_2022.pdf","3895240","6/4/2026 1:59:26 AM"
"VT_VTrans_RIP_Process_2023.pdf","1836472","6/4/2026 1:58:25 AM"
